MSE,RMSE,MAPE(%),ExplainedVar,R2,seed
808253.0625,899.0289553,19.64871436,0.457592905,0.430197418,0
2301135.75,1516.949488,55.64314723,0.371403158,0.214342296,1
594589.1875,771.0960949,14.280954,0.77361697,0.768165588,2
336106.1563,579.7466311,22.75466919,0.875083089,0.866132617,3
808616.4375,899.2310257,20.94221264,0.603090763,0.578824162,4
969740.1188,933.210439,26.65393949,0.616157377,0.571532416,
