MSE,RMSE,MAPE(%),ExplainedVar,R2,seed
0.0011314781,0.033637453,2.778826467692852,0.6279609799385071,0.6073577404022217,47
