MSE,RMSE,MAPE(%),ExplainedVar,R2,seed
125943.03125,354.8845322777537,7.4639104306697845,0.9672521352767944,0.9573638439178467,47
